date,stage,message
2003-06-24,unexpected,"Key '_FillValue' already exists in attrs on variable 'precipitation', and will not be overwritten. This is probably an encoding field used by xarray to describe how a variable is serialized. To proceed, remove this key from the variable's attributes manually."
2003-06-25,unexpected,"Key '_FillValue' already exists in attrs on variable 'precipitation', and will not be overwritten. This is probably an encoding field used by xarray to describe how a variable is serialized. To proceed, remove this key from the variable's attributes manually."
2003-06-26,unexpected,"Key '_FillValue' already exists in attrs on variable 'precipitation', and will not be overwritten. This is probably an encoding field used by xarray to describe how a variable is serialized. To proceed, remove this key from the variable's attributes manually."
2003-06-27,unexpected,"Key '_FillValue' already exists in attrs on variable 'precipitation', and will not be overwritten. This is probably an encoding field used by xarray to describe how a variable is serialized. To proceed, remove this key from the variable's attributes manually."
2003-06-28,unexpected,"Key '_FillValue' already exists in attrs on variable 'precipitation', and will not be overwritten. This is probably an encoding field used by xarray to describe how a variable is serialized. To proceed, remove this key from the variable's attributes manually."
2003-06-29,unexpected,"Key '_FillValue' already exists in attrs on variable 'precipitation', and will not be overwritten. This is probably an encoding field used by xarray to describe how a variable is serialized. To proceed, remove this key from the variable's attributes manually."
2003-06-30,unexpected,"Key '_FillValue' already exists in attrs on variable 'precipitation', and will not be overwritten. This is probably an encoding field used by xarray to describe how a variable is serialized. To proceed, remove this key from the variable's attributes manually."
2003-07-01,unexpected,"Key '_FillValue' already exists in attrs on variable 'precipitation', and will not be overwritten. This is probably an encoding field used by xarray to describe how a variable is serialized. To proceed, remove this key from the variable's attributes manually."
2003-07-02,unexpected,"Key '_FillValue' already exists in attrs on variable 'precipitation', and will not be overwritten. This is probably an encoding field used by xarray to describe how a variable is serialized. To proceed, remove this key from the variable's attributes manually."
2003-07-03,unexpected,"Key '_FillValue' already exists in attrs on variable 'precipitation', and will not be overwritten. This is probably an encoding field used by xarray to describe how a variable is serialized. To proceed, remove this key from the variable's attributes manually."
2003-07-04,unexpected,"Key '_FillValue' already exists in attrs on variable 'precipitation', and will not be overwritten. This is probably an encoding field used by xarray to describe how a variable is serialized. To proceed, remove this key from the variable's attributes manually."
2003-07-05,unexpected,"Key '_FillValue' already exists in attrs on variable 'precipitation', and will not be overwritten. This is probably an encoding field used by xarray to describe how a variable is serialized. To proceed, remove this key from the variable's attributes manually."
2003-07-06,unexpected,"Key '_FillValue' already exists in attrs on variable 'precipitation', and will not be overwritten. This is probably an encoding field used by xarray to describe how a variable is serialized. To proceed, remove this key from the variable's attributes manually."
2003-07-07,unexpected,"Key '_FillValue' already exists in attrs on variable 'precipitation', and will not be overwritten. This is probably an encoding field used by xarray to describe how a variable is serialized. To proceed, remove this key from the variable's attributes manually."
2003-07-08,unexpected,"Key '_FillValue' already exists in attrs on variable 'precipitation', and will not be overwritten. This is probably an encoding field used by xarray to describe how a variable is serialized. To proceed, remove this key from the variable's attributes manually."
2003-07-09,unexpected,"Key '_FillValue' already exists in attrs on variable 'precipitation', and will not be overwritten. This is probably an encoding field used by xarray to describe how a variable is serialized. To proceed, remove this key from the variable's attributes manually."
2003-07-10,unexpected,"Key '_FillValue' already exists in attrs on variable 'precipitation', and will not be overwritten. This is probably an encoding field used by xarray to describe how a variable is serialized. To proceed, remove this key from the variable's attributes manually."
2003-07-11,unexpected,"Key '_FillValue' already exists in attrs on variable 'precipitation', and will not be overwritten. This is probably an encoding field used by xarray to describe how a variable is serialized. To proceed, remove this key from the variable's attributes manually."
2003-07-12,unexpected,"Key '_FillValue' already exists in attrs on variable 'precipitation', and will not be overwritten. This is probably an encoding field used by xarray to describe how a variable is serialized. To proceed, remove this key from the variable's attributes manually."
2003-07-13,unexpected,"Key '_FillValue' already exists in attrs on variable 'precipitation', and will not be overwritten. This is probably an encoding field used by xarray to describe how a variable is serialized. To proceed, remove this key from the variable's attributes manually."
2003-07-14,unexpected,"Key '_FillValue' already exists in attrs on variable 'precipitation', and will not be overwritten. This is probably an encoding field used by xarray to describe how a variable is serialized. To proceed, remove this key from the variable's attributes manually."
2003-07-15,unexpected,"Key '_FillValue' already exists in attrs on variable 'precipitation', and will not be overwritten. This is probably an encoding field used by xarray to describe how a variable is serialized. To proceed, remove this key from the variable's attributes manually."
2003-07-16,unexpected,"Key '_FillValue' already exists in attrs on variable 'precipitation', and will not be overwritten. This is probably an encoding field used by xarray to describe how a variable is serialized. To proceed, remove this key from the variable's attributes manually."
2003-07-17,unexpected,"Key '_FillValue' already exists in attrs on variable 'precipitation', and will not be overwritten. This is probably an encoding field used by xarray to describe how a variable is serialized. To proceed, remove this key from the variable's attributes manually."
2003-07-18,unexpected,"Key '_FillValue' already exists in attrs on variable 'precipitation', and will not be overwritten. This is probably an encoding field used by xarray to describe how a variable is serialized. To proceed, remove this key from the variable's attributes manually."
2003-07-19,unexpected,"Key '_FillValue' already exists in attrs on variable 'precipitation', and will not be overwritten. This is probably an encoding field used by xarray to describe how a variable is serialized. To proceed, remove this key from the variable's attributes manually."
2003-07-20,unexpected,"Key '_FillValue' already exists in attrs on variable 'precipitation', and will not be overwritten. This is probably an encoding field used by xarray to describe how a variable is serialized. To proceed, remove this key from the variable's attributes manually."
2003-07-21,unexpected,"Key '_FillValue' already exists in attrs on variable 'precipitation', and will not be overwritten. This is probably an encoding field used by xarray to describe how a variable is serialized. To proceed, remove this key from the variable's attributes manually."
2003-07-22,unexpected,"Key '_FillValue' already exists in attrs on variable 'precipitation', and will not be overwritten. This is probably an encoding field used by xarray to describe how a variable is serialized. To proceed, remove this key from the variable's attributes manually."
2003-07-23,unexpected,"Key '_FillValue' already exists in attrs on variable 'precipitation', and will not be overwritten. This is probably an encoding field used by xarray to describe how a variable is serialized. To proceed, remove this key from the variable's attributes manually."
2003-07-24,unexpected,"Key '_FillValue' already exists in attrs on variable 'precipitation', and will not be overwritten. This is probably an encoding field used by xarray to describe how a variable is serialized. To proceed, remove this key from the variable's attributes manually."
2003-07-25,unexpected,"Key '_FillValue' already exists in attrs on variable 'precipitation', and will not be overwritten. This is probably an encoding field used by xarray to describe how a variable is serialized. To proceed, remove this key from the variable's attributes manually."
2003-07-26,unexpected,"Key '_FillValue' already exists in attrs on variable 'precipitation', and will not be overwritten. This is probably an encoding field used by xarray to describe how a variable is serialized. To proceed, remove this key from the variable's attributes manually."
2003-07-27,unexpected,"Key '_FillValue' already exists in attrs on variable 'precipitation', and will not be overwritten. This is probably an encoding field used by xarray to describe how a variable is serialized. To proceed, remove this key from the variable's attributes manually."
2003-07-28,unexpected,"Key '_FillValue' already exists in attrs on variable 'precipitation', and will not be overwritten. This is probably an encoding field used by xarray to describe how a variable is serialized. To proceed, remove this key from the variable's attributes manually."
2003-07-29,unexpected,"Key '_FillValue' already exists in attrs on variable 'precipitation', and will not be overwritten. This is probably an encoding field used by xarray to describe how a variable is serialized. To proceed, remove this key from the variable's attributes manually."
2003-07-30,unexpected,"Key '_FillValue' already exists in attrs on variable 'precipitation', and will not be overwritten. This is probably an encoding field used by xarray to describe how a variable is serialized. To proceed, remove this key from the variable's attributes manually."
2003-07-31,unexpected,"Key '_FillValue' already exists in attrs on variable 'precipitation', and will not be overwritten. This is probably an encoding field used by xarray to describe how a variable is serialized. To proceed, remove this key from the variable's attributes manually."
2003-08-01,unexpected,"Key '_FillValue' already exists in attrs on variable 'precipitation', and will not be overwritten. This is probably an encoding field used by xarray to describe how a variable is serialized. To proceed, remove this key from the variable's attributes manually."
2003-08-02,unexpected,"Key '_FillValue' already exists in attrs on variable 'precipitation', and will not be overwritten. This is probably an encoding field used by xarray to describe how a variable is serialized. To proceed, remove this key from the variable's attributes manually."
2003-08-03,unexpected,"Key '_FillValue' already exists in attrs on variable 'precipitation', and will not be overwritten. This is probably an encoding field used by xarray to describe how a variable is serialized. To proceed, remove this key from the variable's attributes manually."
2003-08-04,unexpected,"Key '_FillValue' already exists in attrs on variable 'precipitation', and will not be overwritten. This is probably an encoding field used by xarray to describe how a variable is serialized. To proceed, remove this key from the variable's attributes manually."
2003-08-05,unexpected,"Key '_FillValue' already exists in attrs on variable 'precipitation', and will not be overwritten. This is probably an encoding field used by xarray to describe how a variable is serialized. To proceed, remove this key from the variable's attributes manually."
2003-08-06,unexpected,"Key '_FillValue' already exists in attrs on variable 'precipitation', and will not be overwritten. This is probably an encoding field used by xarray to describe how a variable is serialized. To proceed, remove this key from the variable's attributes manually."
2003-08-07,unexpected,"Key '_FillValue' already exists in attrs on variable 'precipitation', and will not be overwritten. This is probably an encoding field used by xarray to describe how a variable is serialized. To proceed, remove this key from the variable's attributes manually."
2003-08-08,unexpected,"Key '_FillValue' already exists in attrs on variable 'precipitation', and will not be overwritten. This is probably an encoding field used by xarray to describe how a variable is serialized. To proceed, remove this key from the variable's attributes manually."
2003-08-09,unexpected,"Key '_FillValue' already exists in attrs on variable 'precipitation', and will not be overwritten. This is probably an encoding field used by xarray to describe how a variable is serialized. To proceed, remove this key from the variable's attributes manually."
2003-08-10,unexpected,"Key '_FillValue' already exists in attrs on variable 'precipitation', and will not be overwritten. This is probably an encoding field used by xarray to describe how a variable is serialized. To proceed, remove this key from the variable's attributes manually."
2003-08-11,unexpected,"Key '_FillValue' already exists in attrs on variable 'precipitation', and will not be overwritten. This is probably an encoding field used by xarray to describe how a variable is serialized. To proceed, remove this key from the variable's attributes manually."
2003-08-12,unexpected,"Key '_FillValue' already exists in attrs on variable 'precipitation', and will not be overwritten. This is probably an encoding field used by xarray to describe how a variable is serialized. To proceed, remove this key from the variable's attributes manually."
2003-08-13,unexpected,"Key '_FillValue' already exists in attrs on variable 'precipitation', and will not be overwritten. This is probably an encoding field used by xarray to describe how a variable is serialized. To proceed, remove this key from the variable's attributes manually."
2003-08-14,unexpected,"Key '_FillValue' already exists in attrs on variable 'precipitation', and will not be overwritten. This is probably an encoding field used by xarray to describe how a variable is serialized. To proceed, remove this key from the variable's attributes manually."
2003-08-15,unexpected,"Key '_FillValue' already exists in attrs on variable 'precipitation', and will not be overwritten. This is probably an encoding field used by xarray to describe how a variable is serialized. To proceed, remove this key from the variable's attributes manually."
2003-08-16,unexpected,"Key '_FillValue' already exists in attrs on variable 'precipitation', and will not be overwritten. This is probably an encoding field used by xarray to describe how a variable is serialized. To proceed, remove this key from the variable's attributes manually."
2003-08-17,unexpected,"Key '_FillValue' already exists in attrs on variable 'precipitation', and will not be overwritten. This is probably an encoding field used by xarray to describe how a variable is serialized. To proceed, remove this key from the variable's attributes manually."
2003-08-18,unexpected,"Key '_FillValue' already exists in attrs on variable 'precipitation', and will not be overwritten. This is probably an encoding field used by xarray to describe how a variable is serialized. To proceed, remove this key from the variable's attributes manually."
2003-08-19,unexpected,"Key '_FillValue' already exists in attrs on variable 'precipitation', and will not be overwritten. This is probably an encoding field used by xarray to describe how a variable is serialized. To proceed, remove this key from the variable's attributes manually."
2003-08-20,unexpected,"Key '_FillValue' already exists in attrs on variable 'precipitation', and will not be overwritten. This is probably an encoding field used by xarray to describe how a variable is serialized. To proceed, remove this key from the variable's attributes manually."
2003-08-21,unexpected,"Key '_FillValue' already exists in attrs on variable 'precipitation', and will not be overwritten. This is probably an encoding field used by xarray to describe how a variable is serialized. To proceed, remove this key from the variable's attributes manually."
2003-08-22,unexpected,"Key '_FillValue' already exists in attrs on variable 'precipitation', and will not be overwritten. This is probably an encoding field used by xarray to describe how a variable is serialized. To proceed, remove this key from the variable's attributes manually."
2003-08-23,unexpected,"Key '_FillValue' already exists in attrs on variable 'precipitation', and will not be overwritten. This is probably an encoding field used by xarray to describe how a variable is serialized. To proceed, remove this key from the variable's attributes manually."
2003-08-24,unexpected,"Key '_FillValue' already exists in attrs on variable 'precipitation', and will not be overwritten. This is probably an encoding field used by xarray to describe how a variable is serialized. To proceed, remove this key from the variable's attributes manually."
2003-08-25,unexpected,"Key '_FillValue' already exists in attrs on variable 'precipitation', and will not be overwritten. This is probably an encoding field used by xarray to describe how a variable is serialized. To proceed, remove this key from the variable's attributes manually."
2003-08-26,unexpected,"Key '_FillValue' already exists in attrs on variable 'precipitation', and will not be overwritten. This is probably an encoding field used by xarray to describe how a variable is serialized. To proceed, remove this key from the variable's attributes manually."
2003-08-27,unexpected,"Key '_FillValue' already exists in attrs on variable 'precipitation', and will not be overwritten. This is probably an encoding field used by xarray to describe how a variable is serialized. To proceed, remove this key from the variable's attributes manually."
2003-08-28,unexpected,"Key '_FillValue' already exists in attrs on variable 'precipitation', and will not be overwritten. This is probably an encoding field used by xarray to describe how a variable is serialized. To proceed, remove this key from the variable's attributes manually."
2003-08-29,unexpected,"Key '_FillValue' already exists in attrs on variable 'precipitation', and will not be overwritten. This is probably an encoding field used by xarray to describe how a variable is serialized. To proceed, remove this key from the variable's attributes manually."
2003-08-30,unexpected,"Key '_FillValue' already exists in attrs on variable 'precipitation', and will not be overwritten. This is probably an encoding field used by xarray to describe how a variable is serialized. To proceed, remove this key from the variable's attributes manually."
2003-08-31,unexpected,"Key '_FillValue' already exists in attrs on variable 'precipitation', and will not be overwritten. This is probably an encoding field used by xarray to describe how a variable is serialized. To proceed, remove this key from the variable's attributes manually."
2003-09-01,unexpected,"Key '_FillValue' already exists in attrs on variable 'precipitation', and will not be overwritten. This is probably an encoding field used by xarray to describe how a variable is serialized. To proceed, remove this key from the variable's attributes manually."
2003-09-02,unexpected,"Key '_FillValue' already exists in attrs on variable 'precipitation', and will not be overwritten. This is probably an encoding field used by xarray to describe how a variable is serialized. To proceed, remove this key from the variable's attributes manually."
2003-09-03,unexpected,"Key '_FillValue' already exists in attrs on variable 'precipitation', and will not be overwritten. This is probably an encoding field used by xarray to describe how a variable is serialized. To proceed, remove this key from the variable's attributes manually."
2003-09-04,unexpected,"Key '_FillValue' already exists in attrs on variable 'precipitation', and will not be overwritten. This is probably an encoding field used by xarray to describe how a variable is serialized. To proceed, remove this key from the variable's attributes manually."
2003-09-05,unexpected,"Key '_FillValue' already exists in attrs on variable 'precipitation', and will not be overwritten. This is probably an encoding field used by xarray to describe how a variable is serialized. To proceed, remove this key from the variable's attributes manually."
2003-09-06,unexpected,"Key '_FillValue' already exists in attrs on variable 'precipitation', and will not be overwritten. This is probably an encoding field used by xarray to describe how a variable is serialized. To proceed, remove this key from the variable's attributes manually."
2003-09-07,unexpected,"Key '_FillValue' already exists in attrs on variable 'precipitation', and will not be overwritten. This is probably an encoding field used by xarray to describe how a variable is serialized. To proceed, remove this key from the variable's attributes manually."
2003-09-08,unexpected,"Key '_FillValue' already exists in attrs on variable 'precipitation', and will not be overwritten. This is probably an encoding field used by xarray to describe how a variable is serialized. To proceed, remove this key from the variable's attributes manually."
2003-09-09,unexpected,"Key '_FillValue' already exists in attrs on variable 'precipitation', and will not be overwritten. This is probably an encoding field used by xarray to describe how a variable is serialized. To proceed, remove this key from the variable's attributes manually."
2003-09-10,unexpected,"Key '_FillValue' already exists in attrs on variable 'precipitation', and will not be overwritten. This is probably an encoding field used by xarray to describe how a variable is serialized. To proceed, remove this key from the variable's attributes manually."
2003-09-11,unexpected,"Key '_FillValue' already exists in attrs on variable 'precipitation', and will not be overwritten. This is probably an encoding field used by xarray to describe how a variable is serialized. To proceed, remove this key from the variable's attributes manually."
2003-09-12,unexpected,"Key '_FillValue' already exists in attrs on variable 'precipitation', and will not be overwritten. This is probably an encoding field used by xarray to describe how a variable is serialized. To proceed, remove this key from the variable's attributes manually."
2003-09-13,unexpected,"Key '_FillValue' already exists in attrs on variable 'precipitation', and will not be overwritten. This is probably an encoding field used by xarray to describe how a variable is serialized. To proceed, remove this key from the variable's attributes manually."
2003-09-14,unexpected,"Key '_FillValue' already exists in attrs on variable 'precipitation', and will not be overwritten. This is probably an encoding field used by xarray to describe how a variable is serialized. To proceed, remove this key from the variable's attributes manually."
2003-09-15,unexpected,"Key '_FillValue' already exists in attrs on variable 'precipitation', and will not be overwritten. This is probably an encoding field used by xarray to describe how a variable is serialized. To proceed, remove this key from the variable's attributes manually."
2003-09-16,unexpected,"Key '_FillValue' already exists in attrs on variable 'precipitation', and will not be overwritten. This is probably an encoding field used by xarray to describe how a variable is serialized. To proceed, remove this key from the variable's attributes manually."
2003-09-17,unexpected,"Key '_FillValue' already exists in attrs on variable 'precipitation', and will not be overwritten. This is probably an encoding field used by xarray to describe how a variable is serialized. To proceed, remove this key from the variable's attributes manually."
2003-09-18,unexpected,"Key '_FillValue' already exists in attrs on variable 'precipitation', and will not be overwritten. This is probably an encoding field used by xarray to describe how a variable is serialized. To proceed, remove this key from the variable's attributes manually."
2003-09-19,unexpected,"Key '_FillValue' already exists in attrs on variable 'precipitation', and will not be overwritten. This is probably an encoding field used by xarray to describe how a variable is serialized. To proceed, remove this key from the variable's attributes manually."
2003-09-20,unexpected,"Key '_FillValue' already exists in attrs on variable 'precipitation', and will not be overwritten. This is probably an encoding field used by xarray to describe how a variable is serialized. To proceed, remove this key from the variable's attributes manually."
2003-09-21,unexpected,"Key '_FillValue' already exists in attrs on variable 'precipitation', and will not be overwritten. This is probably an encoding field used by xarray to describe how a variable is serialized. To proceed, remove this key from the variable's attributes manually."
2003-09-22,unexpected,"Key '_FillValue' already exists in attrs on variable 'precipitation', and will not be overwritten. This is probably an encoding field used by xarray to describe how a variable is serialized. To proceed, remove this key from the variable's attributes manually."
2003-09-23,unexpected,"Key '_FillValue' already exists in attrs on variable 'precipitation', and will not be overwritten. This is probably an encoding field used by xarray to describe how a variable is serialized. To proceed, remove this key from the variable's attributes manually."
2003-09-24,unexpected,"Key '_FillValue' already exists in attrs on variable 'precipitation', and will not be overwritten. This is probably an encoding field used by xarray to describe how a variable is serialized. To proceed, remove this key from the variable's attributes manually."
2003-09-25,unexpected,"Key '_FillValue' already exists in attrs on variable 'precipitation', and will not be overwritten. This is probably an encoding field used by xarray to describe how a variable is serialized. To proceed, remove this key from the variable's attributes manually."
2003-09-26,unexpected,"Key '_FillValue' already exists in attrs on variable 'precipitation', and will not be overwritten. This is probably an encoding field used by xarray to describe how a variable is serialized. To proceed, remove this key from the variable's attributes manually."
2003-09-27,unexpected,"Key '_FillValue' already exists in attrs on variable 'precipitation', and will not be overwritten. This is probably an encoding field used by xarray to describe how a variable is serialized. To proceed, remove this key from the variable's attributes manually."
2003-09-28,unexpected,"Key '_FillValue' already exists in attrs on variable 'precipitation', and will not be overwritten. This is probably an encoding field used by xarray to describe how a variable is serialized. To proceed, remove this key from the variable's attributes manually."
2003-09-29,unexpected,"Key '_FillValue' already exists in attrs on variable 'precipitation', and will not be overwritten. This is probably an encoding field used by xarray to describe how a variable is serialized. To proceed, remove this key from the variable's attributes manually."
2003-09-30,unexpected,"Key '_FillValue' already exists in attrs on variable 'precipitation', and will not be overwritten. This is probably an encoding field used by xarray to describe how a variable is serialized. To proceed, remove this key from the variable's attributes manually."
2003-10-01,unexpected,"Key '_FillValue' already exists in attrs on variable 'precipitation', and will not be overwritten. This is probably an encoding field used by xarray to describe how a variable is serialized. To proceed, remove this key from the variable's attributes manually."
2003-10-02,unexpected,"Key '_FillValue' already exists in attrs on variable 'precipitation', and will not be overwritten. This is probably an encoding field used by xarray to describe how a variable is serialized. To proceed, remove this key from the variable's attributes manually."
2003-10-03,unexpected,"Key '_FillValue' already exists in attrs on variable 'precipitation', and will not be overwritten. This is probably an encoding field used by xarray to describe how a variable is serialized. To proceed, remove this key from the variable's attributes manually."
2003-10-04,unexpected,"Key '_FillValue' already exists in attrs on variable 'precipitation', and will not be overwritten. This is probably an encoding field used by xarray to describe how a variable is serialized. To proceed, remove this key from the variable's attributes manually."
2003-10-05,unexpected,"Key '_FillValue' already exists in attrs on variable 'precipitation', and will not be overwritten. This is probably an encoding field used by xarray to describe how a variable is serialized. To proceed, remove this key from the variable's attributes manually."
2003-10-06,unexpected,"Key '_FillValue' already exists in attrs on variable 'precipitation', and will not be overwritten. This is probably an encoding field used by xarray to describe how a variable is serialized. To proceed, remove this key from the variable's attributes manually."
2003-10-07,unexpected,"Key '_FillValue' already exists in attrs on variable 'precipitation', and will not be overwritten. This is probably an encoding field used by xarray to describe how a variable is serialized. To proceed, remove this key from the variable's attributes manually."
2003-10-08,unexpected,"Key '_FillValue' already exists in attrs on variable 'precipitation', and will not be overwritten. This is probably an encoding field used by xarray to describe how a variable is serialized. To proceed, remove this key from the variable's attributes manually."
2003-10-09,unexpected,"Key '_FillValue' already exists in attrs on variable 'precipitation', and will not be overwritten. This is probably an encoding field used by xarray to describe how a variable is serialized. To proceed, remove this key from the variable's attributes manually."
2003-10-10,unexpected,"Key '_FillValue' already exists in attrs on variable 'precipitation', and will not be overwritten. This is probably an encoding field used by xarray to describe how a variable is serialized. To proceed, remove this key from the variable's attributes manually."
2003-10-11,unexpected,"Key '_FillValue' already exists in attrs on variable 'precipitation', and will not be overwritten. This is probably an encoding field used by xarray to describe how a variable is serialized. To proceed, remove this key from the variable's attributes manually."
2003-10-12,unexpected,"Key '_FillValue' already exists in attrs on variable 'precipitation', and will not be overwritten. This is probably an encoding field used by xarray to describe how a variable is serialized. To proceed, remove this key from the variable's attributes manually."
2003-10-13,unexpected,"Key '_FillValue' already exists in attrs on variable 'precipitation', and will not be overwritten. This is probably an encoding field used by xarray to describe how a variable is serialized. To proceed, remove this key from the variable's attributes manually."
2003-10-14,unexpected,"Key '_FillValue' already exists in attrs on variable 'precipitation', and will not be overwritten. This is probably an encoding field used by xarray to describe how a variable is serialized. To proceed, remove this key from the variable's attributes manually."
2003-10-15,unexpected,"Key '_FillValue' already exists in attrs on variable 'precipitation', and will not be overwritten. This is probably an encoding field used by xarray to describe how a variable is serialized. To proceed, remove this key from the variable's attributes manually."
2003-10-16,unexpected,"Key '_FillValue' already exists in attrs on variable 'precipitation', and will not be overwritten. This is probably an encoding field used by xarray to describe how a variable is serialized. To proceed, remove this key from the variable's attributes manually."
2003-10-17,unexpected,"Key '_FillValue' already exists in attrs on variable 'precipitation', and will not be overwritten. This is probably an encoding field used by xarray to describe how a variable is serialized. To proceed, remove this key from the variable's attributes manually."
2003-10-18,unexpected,"Key '_FillValue' already exists in attrs on variable 'precipitation', and will not be overwritten. This is probably an encoding field used by xarray to describe how a variable is serialized. To proceed, remove this key from the variable's attributes manually."
2003-10-19,unexpected,"Key '_FillValue' already exists in attrs on variable 'precipitation', and will not be overwritten. This is probably an encoding field used by xarray to describe how a variable is serialized. To proceed, remove this key from the variable's attributes manually."
2003-10-20,unexpected,"Key '_FillValue' already exists in attrs on variable 'precipitation', and will not be overwritten. This is probably an encoding field used by xarray to describe how a variable is serialized. To proceed, remove this key from the variable's attributes manually."
2003-10-21,unexpected,"Key '_FillValue' already exists in attrs on variable 'precipitation', and will not be overwritten. This is probably an encoding field used by xarray to describe how a variable is serialized. To proceed, remove this key from the variable's attributes manually."
2003-10-22,unexpected,"Key '_FillValue' already exists in attrs on variable 'precipitation', and will not be overwritten. This is probably an encoding field used by xarray to describe how a variable is serialized. To proceed, remove this key from the variable's attributes manually."
2003-10-23,unexpected,"Key '_FillValue' already exists in attrs on variable 'precipitation', and will not be overwritten. This is probably an encoding field used by xarray to describe how a variable is serialized. To proceed, remove this key from the variable's attributes manually."
2003-10-24,unexpected,"Key '_FillValue' already exists in attrs on variable 'precipitation', and will not be overwritten. This is probably an encoding field used by xarray to describe how a variable is serialized. To proceed, remove this key from the variable's attributes manually."
2003-10-25,unexpected,"Key '_FillValue' already exists in attrs on variable 'precipitation', and will not be overwritten. This is probably an encoding field used by xarray to describe how a variable is serialized. To proceed, remove this key from the variable's attributes manually."
2003-10-26,unexpected,"Key '_FillValue' already exists in attrs on variable 'precipitation', and will not be overwritten. This is probably an encoding field used by xarray to describe how a variable is serialized. To proceed, remove this key from the variable's attributes manually."
2003-10-27,unexpected,"Key '_FillValue' already exists in attrs on variable 'precipitation', and will not be overwritten. This is probably an encoding field used by xarray to describe how a variable is serialized. To proceed, remove this key from the variable's attributes manually."
2003-10-28,unexpected,"Key '_FillValue' already exists in attrs on variable 'precipitation', and will not be overwritten. This is probably an encoding field used by xarray to describe how a variable is serialized. To proceed, remove this key from the variable's attributes manually."
2003-10-29,unexpected,"Key '_FillValue' already exists in attrs on variable 'precipitation', and will not be overwritten. This is probably an encoding field used by xarray to describe how a variable is serialized. To proceed, remove this key from the variable's attributes manually."
2003-10-30,unexpected,"Key '_FillValue' already exists in attrs on variable 'precipitation', and will not be overwritten. This is probably an encoding field used by xarray to describe how a variable is serialized. To proceed, remove this key from the variable's attributes manually."
2003-10-31,unexpected,"Key '_FillValue' already exists in attrs on variable 'precipitation', and will not be overwritten. This is probably an encoding field used by xarray to describe how a variable is serialized. To proceed, remove this key from the variable's attributes manually."
2003-11-01,unexpected,"Key '_FillValue' already exists in attrs on variable 'precipitation', and will not be overwritten. This is probably an encoding field used by xarray to describe how a variable is serialized. To proceed, remove this key from the variable's attributes manually."
2003-11-02,unexpected,"Key '_FillValue' already exists in attrs on variable 'precipitation', and will not be overwritten. This is probably an encoding field used by xarray to describe how a variable is serialized. To proceed, remove this key from the variable's attributes manually."
2003-11-03,unexpected,"Key '_FillValue' already exists in attrs on variable 'precipitation', and will not be overwritten. This is probably an encoding field used by xarray to describe how a variable is serialized. To proceed, remove this key from the variable's attributes manually."
2003-11-04,unexpected,"Key '_FillValue' already exists in attrs on variable 'precipitation', and will not be overwritten. This is probably an encoding field used by xarray to describe how a variable is serialized. To proceed, remove this key from the variable's attributes manually."
2003-11-05,unexpected,"Key '_FillValue' already exists in attrs on variable 'precipitation', and will not be overwritten. This is probably an encoding field used by xarray to describe how a variable is serialized. To proceed, remove this key from the variable's attributes manually."
2003-11-06,unexpected,"Key '_FillValue' already exists in attrs on variable 'precipitation', and will not be overwritten. This is probably an encoding field used by xarray to describe how a variable is serialized. To proceed, remove this key from the variable's attributes manually."
2003-11-07,unexpected,"Key '_FillValue' already exists in attrs on variable 'precipitation', and will not be overwritten. This is probably an encoding field used by xarray to describe how a variable is serialized. To proceed, remove this key from the variable's attributes manually."
2003-11-08,unexpected,"Key '_FillValue' already exists in attrs on variable 'precipitation', and will not be overwritten. This is probably an encoding field used by xarray to describe how a variable is serialized. To proceed, remove this key from the variable's attributes manually."
2003-11-09,unexpected,"Key '_FillValue' already exists in attrs on variable 'precipitation', and will not be overwritten. This is probably an encoding field used by xarray to describe how a variable is serialized. To proceed, remove this key from the variable's attributes manually."
2003-11-10,unexpected,"Key '_FillValue' already exists in attrs on variable 'precipitation', and will not be overwritten. This is probably an encoding field used by xarray to describe how a variable is serialized. To proceed, remove this key from the variable's attributes manually."
2003-11-11,unexpected,"Key '_FillValue' already exists in attrs on variable 'precipitation', and will not be overwritten. This is probably an encoding field used by xarray to describe how a variable is serialized. To proceed, remove this key from the variable's attributes manually."
2003-11-12,unexpected,"Key '_FillValue' already exists in attrs on variable 'precipitation', and will not be overwritten. This is probably an encoding field used by xarray to describe how a variable is serialized. To proceed, remove this key from the variable's attributes manually."
2003-11-13,unexpected,"Key '_FillValue' already exists in attrs on variable 'precipitation', and will not be overwritten. This is probably an encoding field used by xarray to describe how a variable is serialized. To proceed, remove this key from the variable's attributes manually."
2003-11-14,unexpected,"Key '_FillValue' already exists in attrs on variable 'precipitation', and will not be overwritten. This is probably an encoding field used by xarray to describe how a variable is serialized. To proceed, remove this key from the variable's attributes manually."
2003-11-15,unexpected,"Key '_FillValue' already exists in attrs on variable 'precipitation', and will not be overwritten. This is probably an encoding field used by xarray to describe how a variable is serialized. To proceed, remove this key from the variable's attributes manually."
2003-11-16,unexpected,"Key '_FillValue' already exists in attrs on variable 'precipitation', and will not be overwritten. This is probably an encoding field used by xarray to describe how a variable is serialized. To proceed, remove this key from the variable's attributes manually."
2003-11-17,unexpected,"Key '_FillValue' already exists in attrs on variable 'precipitation', and will not be overwritten. This is probably an encoding field used by xarray to describe how a variable is serialized. To proceed, remove this key from the variable's attributes manually."
2003-11-18,unexpected,"Key '_FillValue' already exists in attrs on variable 'precipitation', and will not be overwritten. This is probably an encoding field used by xarray to describe how a variable is serialized. To proceed, remove this key from the variable's attributes manually."
2003-11-19,unexpected,"Key '_FillValue' already exists in attrs on variable 'precipitation', and will not be overwritten. This is probably an encoding field used by xarray to describe how a variable is serialized. To proceed, remove this key from the variable's attributes manually."
2003-11-20,unexpected,"Key '_FillValue' already exists in attrs on variable 'precipitation', and will not be overwritten. This is probably an encoding field used by xarray to describe how a variable is serialized. To proceed, remove this key from the variable's attributes manually."
2003-11-21,unexpected,"Key '_FillValue' already exists in attrs on variable 'precipitation', and will not be overwritten. This is probably an encoding field used by xarray to describe how a variable is serialized. To proceed, remove this key from the variable's attributes manually."
2003-11-22,unexpected,"Key '_FillValue' already exists in attrs on variable 'precipitation', and will not be overwritten. This is probably an encoding field used by xarray to describe how a variable is serialized. To proceed, remove this key from the variable's attributes manually."
2003-11-23,unexpected,"Key '_FillValue' already exists in attrs on variable 'precipitation', and will not be overwritten. This is probably an encoding field used by xarray to describe how a variable is serialized. To proceed, remove this key from the variable's attributes manually."
2003-11-24,unexpected,"Key '_FillValue' already exists in attrs on variable 'precipitation', and will not be overwritten. This is probably an encoding field used by xarray to describe how a variable is serialized. To proceed, remove this key from the variable's attributes manually."
2003-11-25,unexpected,"Key '_FillValue' already exists in attrs on variable 'precipitation', and will not be overwritten. This is probably an encoding field used by xarray to describe how a variable is serialized. To proceed, remove this key from the variable's attributes manually."
2003-11-26,unexpected,"Key '_FillValue' already exists in attrs on variable 'precipitation', and will not be overwritten. This is probably an encoding field used by xarray to describe how a variable is serialized. To proceed, remove this key from the variable's attributes manually."
2003-11-27,unexpected,"Key '_FillValue' already exists in attrs on variable 'precipitation', and will not be overwritten. This is probably an encoding field used by xarray to describe how a variable is serialized. To proceed, remove this key from the variable's attributes manually."
2003-11-28,unexpected,"Key '_FillValue' already exists in attrs on variable 'precipitation', and will not be overwritten. This is probably an encoding field used by xarray to describe how a variable is serialized. To proceed, remove this key from the variable's attributes manually."
2003-11-29,unexpected,"Key '_FillValue' already exists in attrs on variable 'precipitation', and will not be overwritten. This is probably an encoding field used by xarray to describe how a variable is serialized. To proceed, remove this key from the variable's attributes manually."
2003-11-30,unexpected,"Key '_FillValue' already exists in attrs on variable 'precipitation', and will not be overwritten. This is probably an encoding field used by xarray to describe how a variable is serialized. To proceed, remove this key from the variable's attributes manually."
2003-12-01,unexpected,"Key '_FillValue' already exists in attrs on variable 'precipitation', and will not be overwritten. This is probably an encoding field used by xarray to describe how a variable is serialized. To proceed, remove this key from the variable's attributes manually."
2003-12-02,unexpected,"Key '_FillValue' already exists in attrs on variable 'precipitation', and will not be overwritten. This is probably an encoding field used by xarray to describe how a variable is serialized. To proceed, remove this key from the variable's attributes manually."
2003-12-03,unexpected,"Key '_FillValue' already exists in attrs on variable 'precipitation', and will not be overwritten. This is probably an encoding field used by xarray to describe how a variable is serialized. To proceed, remove this key from the variable's attributes manually."
2003-12-04,unexpected,"Key '_FillValue' already exists in attrs on variable 'precipitation', and will not be overwritten. This is probably an encoding field used by xarray to describe how a variable is serialized. To proceed, remove this key from the variable's attributes manually."
2003-12-05,unexpected,"Key '_FillValue' already exists in attrs on variable 'precipitation', and will not be overwritten. This is probably an encoding field used by xarray to describe how a variable is serialized. To proceed, remove this key from the variable's attributes manually."
2003-12-06,unexpected,"Key '_FillValue' already exists in attrs on variable 'precipitation', and will not be overwritten. This is probably an encoding field used by xarray to describe how a variable is serialized. To proceed, remove this key from the variable's attributes manually."
2003-12-07,unexpected,"Key '_FillValue' already exists in attrs on variable 'precipitation', and will not be overwritten. This is probably an encoding field used by xarray to describe how a variable is serialized. To proceed, remove this key from the variable's attributes manually."
2003-12-08,unexpected,"Key '_FillValue' already exists in attrs on variable 'precipitation', and will not be overwritten. This is probably an encoding field used by xarray to describe how a variable is serialized. To proceed, remove this key from the variable's attributes manually."
2003-12-09,unexpected,"Key '_FillValue' already exists in attrs on variable 'precipitation', and will not be overwritten. This is probably an encoding field used by xarray to describe how a variable is serialized. To proceed, remove this key from the variable's attributes manually."
2003-12-10,unexpected,"Key '_FillValue' already exists in attrs on variable 'precipitation', and will not be overwritten. This is probably an encoding field used by xarray to describe how a variable is serialized. To proceed, remove this key from the variable's attributes manually."
2003-12-11,unexpected,"Key '_FillValue' already exists in attrs on variable 'precipitation', and will not be overwritten. This is probably an encoding field used by xarray to describe how a variable is serialized. To proceed, remove this key from the variable's attributes manually."
2003-12-12,unexpected,"Key '_FillValue' already exists in attrs on variable 'precipitation', and will not be overwritten. This is probably an encoding field used by xarray to describe how a variable is serialized. To proceed, remove this key from the variable's attributes manually."
2003-12-13,unexpected,"Key '_FillValue' already exists in attrs on variable 'precipitation', and will not be overwritten. This is probably an encoding field used by xarray to describe how a variable is serialized. To proceed, remove this key from the variable's attributes manually."
2003-12-14,unexpected,"Key '_FillValue' already exists in attrs on variable 'precipitation', and will not be overwritten. This is probably an encoding field used by xarray to describe how a variable is serialized. To proceed, remove this key from the variable's attributes manually."
2003-12-15,unexpected,"Key '_FillValue' already exists in attrs on variable 'precipitation', and will not be overwritten. This is probably an encoding field used by xarray to describe how a variable is serialized. To proceed, remove this key from the variable's attributes manually."
2003-12-16,unexpected,"Key '_FillValue' already exists in attrs on variable 'precipitation', and will not be overwritten. This is probably an encoding field used by xarray to describe how a variable is serialized. To proceed, remove this key from the variable's attributes manually."
2003-12-17,unexpected,"Key '_FillValue' already exists in attrs on variable 'precipitation', and will not be overwritten. This is probably an encoding field used by xarray to describe how a variable is serialized. To proceed, remove this key from the variable's attributes manually."
2003-12-18,unexpected,"Key '_FillValue' already exists in attrs on variable 'precipitation', and will not be overwritten. This is probably an encoding field used by xarray to describe how a variable is serialized. To proceed, remove this key from the variable's attributes manually."
2003-12-19,unexpected,"Key '_FillValue' already exists in attrs on variable 'precipitation', and will not be overwritten. This is probably an encoding field used by xarray to describe how a variable is serialized. To proceed, remove this key from the variable's attributes manually."
2003-12-20,unexpected,"Key '_FillValue' already exists in attrs on variable 'precipitation', and will not be overwritten. This is probably an encoding field used by xarray to describe how a variable is serialized. To proceed, remove this key from the variable's attributes manually."
2003-12-21,unexpected,"Key '_FillValue' already exists in attrs on variable 'precipitation', and will not be overwritten. This is probably an encoding field used by xarray to describe how a variable is serialized. To proceed, remove this key from the variable's attributes manually."
2003-12-22,unexpected,"Key '_FillValue' already exists in attrs on variable 'precipitation', and will not be overwritten. This is probably an encoding field used by xarray to describe how a variable is serialized. To proceed, remove this key from the variable's attributes manually."
2003-12-23,unexpected,"Key '_FillValue' already exists in attrs on variable 'precipitation', and will not be overwritten. This is probably an encoding field used by xarray to describe how a variable is serialized. To proceed, remove this key from the variable's attributes manually."
2003-12-24,unexpected,"Key '_FillValue' already exists in attrs on variable 'precipitation', and will not be overwritten. This is probably an encoding field used by xarray to describe how a variable is serialized. To proceed, remove this key from the variable's attributes manually."
2003-12-25,unexpected,"Key '_FillValue' already exists in attrs on variable 'precipitation', and will not be overwritten. This is probably an encoding field used by xarray to describe how a variable is serialized. To proceed, remove this key from the variable's attributes manually."
2003-12-26,unexpected,"Key '_FillValue' already exists in attrs on variable 'precipitation', and will not be overwritten. This is probably an encoding field used by xarray to describe how a variable is serialized. To proceed, remove this key from the variable's attributes manually."
2003-12-27,unexpected,"Key '_FillValue' already exists in attrs on variable 'precipitation', and will not be overwritten. This is probably an encoding field used by xarray to describe how a variable is serialized. To proceed, remove this key from the variable's attributes manually."
2003-12-28,unexpected,"Key '_FillValue' already exists in attrs on variable 'precipitation', and will not be overwritten. This is probably an encoding field used by xarray to describe how a variable is serialized. To proceed, remove this key from the variable's attributes manually."
2003-12-29,unexpected,"Key '_FillValue' already exists in attrs on variable 'precipitation', and will not be overwritten. This is probably an encoding field used by xarray to describe how a variable is serialized. To proceed, remove this key from the variable's attributes manually."
2003-12-30,unexpected,"Key '_FillValue' already exists in attrs on variable 'precipitation', and will not be overwritten. This is probably an encoding field used by xarray to describe how a variable is serialized. To proceed, remove this key from the variable's attributes manually."
2003-12-31,unexpected,"Key '_FillValue' already exists in attrs on variable 'precipitation', and will not be overwritten. This is probably an encoding field used by xarray to describe how a variable is serialized. To proceed, remove this key from the variable's attributes manually."
